{"_step":10,"Loss":0.17344334721565247,"_timestamp":1.736764377715298e+09,"plot":{"sha256":"9ca39740adcc55688dd32fd8475396b84db172269f966906929a814ebde16895","size":52128,"path":"media/images/plot_10_9ca39740adcc55688dd3.png","format":"png","width":1500,"height":500,"_type":"image-file"},"_wandb":{"runtime":23},"_runtime":23.685323}