{"_timestamp":1.736435875507624e+09,"_runtime":114.620675,"_step":50,"plot":{"height":500,"_type":"image-file","sha256":"7e67064be065be567ab3379b0e521aac45445bc538aa918ce6107099c6c6d392","size":37330,"path":"media/images/plot_50_7e67064be065be567ab3.png","format":"png","width":1500},"_wandb":{"runtime":114},"Loss":0.2189972996711731}