{"_timestamp":1.7367648975297978e+09,"_runtime":26.359163,"_step":10,"plot":{"format":"png","width":1500,"height":500,"_type":"image-file","sha256":"34a3b9f3990463362c9f920eecb510f41e05c4762971ff49ab03c9e7af846081","size":54954,"path":"media/images/plot_10_34a3b9f3990463362c9f.png"},"_wandb":{"runtime":26},"Loss":0.24746109545230865}