{"_runtime":24.237919,"_step":10,"plot":{"_type":"image-file","sha256":"83c61b9c311f28cc8a2ff6d923a4556eda8df6dd73bdcb814c95c4fe2608f04c","size":54202,"path":"media/images/plot_10_83c61b9c311f28cc8a2f.png","format":"png","width":1500,"height":500},"_wandb":{"runtime":24},"Loss":0.26389169692993164,"_timestamp":1.736764534033104e+09}