{"_step":50,"Loss":0.07447443902492523,"plot":{"format":"png","width":1500,"height":500,"_type":"image-file","sha256":"ed673eb584f2cc66b36d7e497cebd6f5ebff7b7a8d53741e654f6af8650014c1","size":36646,"path":"media/images/plot_50_ed673eb584f2cc66b36d.png"},"_wandb":{"runtime":114},"_timestamp":1.7364348575830998e+09,"_runtime":114.659534}