{"_timestamp":1.736765176674284e+09,"_runtime":24.917179,"_step":10,"plot":{"width":1500,"height":500,"_type":"image-file","sha256":"0e83be657418d2fac2740c4159df496f7de65bcdc43f6bcf6c519185250ec0c1","size":53295,"path":"media/images/plot_10_0e83be657418d2fac274.png","format":"png"},"_wandb":{"runtime":24},"Loss":0.4469374716281891}