{"Epoch":9,"_wandb":{"runtime":116},"Iter":400,"Loss":0.13718287646770477,"_timestamp":1.7364338939047549e+09,"_runtime":114.196857,"_step":49}