{"_timestamp":1.736434496014776e+09,"plot":{"format":"png","width":1500,"height":500,"_type":"image-file","sha256":"1a3982727c6a804c25c2ea46c279462a8d50b2f86e5cd76e6858a979f678d184","size":37328,"path":"media/images/plot_50_1a3982727c6a804c25c2.png"},"_wandb":{"runtime":120},"_runtime":120.076793,"_step":50,"Loss":0.11448706686496735}